method,n_train,n_test,mean_train_word_error,mean_test_word_error,mean_train_char_error,mean_test_char_error,mean_train_time,mean_test_time
auto_context,1000,4000,0.11522222222222221,0.6610277777777778,0.02326564380718162,0.20798318783354824,4.095777453673589,0.04119129178838597
auto_context,2500,2500,0.22035555555555553,0.6018222222222221,0.04710554938593808,0.17795814226337203,7.321535861093758,0.04304052762583726
auto_context,4000,1000,0.2836666666666667,0.5645555555555555,0.06252909627155816,0.16134964138903846,10.83842674528973,0.04450264824036923
fixed_point,1000,4000,0.18544444444444444,0.6691111111111111,0.0428394566451087,0.2137472750442179,2.115999092658361,0.274358004435069
fixed_point,2500,2500,0.3129333333333333,0.6013333333333333,0.0754353085972229,0.18103901596043903,3.8006071387531444,0.26388030126690865
fixed_point,4000,1000,0.3704722222222222,0.5632222222222222,0.09208235451939299,0.16444422974704562,5.450564000031187,0.244420041433639
